date,r_btc,r_btc_lag,log_volume_btc,google_trends,r_sp500,vix,r_dxy,r_gold,d_yield_10y,epu
2017-01-29,-0.004691002984022759,0.11230178567016466,12.299745121392808,4,0.010249761218559252,10.972,-0.002086749900175699,-0.01378871134077818,0.010000000000000231,247.2975415
2017-02-05,0.10534958066091529,-0.004691002984022759,12.618182296357007,4,0.0011759327153739291,11.716,-0.006586850162285425,0.026898516941739902,0.0,186.2873277
2017-02-12,-0.01947790883898633,0.10534958066091529,12.870485933517019,4,0.008106687942362415,11.168,0.009269015382224834,0.012293068065497289,-0.08000000000000007,186.2873277
2017-02-19,0.05124813531470879,-0.01947790883898633,12.314523381534977,5,0.01504109945104122,11.406,0.0014869891215783665,0.002585860026757253,0.009999999999999787,186.2873277
2017-02-26,0.11062833998602005,0.05124813531470879,12.864913019896123,6,0.006824229090391509,11.6225,0.001385864407119718,0.015376293975475103,-0.10999999999999988,186.2873277
2017-03-05,0.0815910002689279,0.11062833998602005,12.75656119235254,6,0.00665209593421924,12.064,0.004441600353281983,-0.025597018899378234,0.18000000000000016,236.0218168
2017-03-12,-0.03693886292238142,0.0815910002689279,13.274431891027263,6,-0.004415760902315485,11.702,-0.0028601035325997648,-0.02067704128248281,0.08999999999999986,236.0218168
2017-03-19,-0.18067406965422586,-0.03693886292238142,13.54444958652873,5,0.0023574987764755193,11.554,-0.009427011018758749,0.023689214358206805,-0.08000000000000007,236.0218168
2017-03-26,-0.053426359234623244,-0.18067406965422586,13.416241216393122,5,-0.014485027306575088,12.540000000000001,-0.006702370911124992,0.014766072945560055,-0.10000000000000009,236.0218168
2017-04-02,0.12402170121359954,-0.053426359234623244,13.17634006826106,5,0.007946161172526462,11.872,0.007200751185582147,0.002160260071218838,0.0,176.4000371
2017-04-09,0.09295473964155898,0.12402170121359954,13.059657841988205,5,-0.0030520137293339428,12.464,0.008237033621442964,0.004863473808088879,-0.020000000000000018,176.4000371
2017-04-16,-0.02309959497920644,0.09295473964155898,12.552424489145832,5,-0.011356966060351413,15.2125,-0.006146544581798048,0.02451218649328417,-0.13999999999999968,176.4000371
2017-04-23,0.05962440168463579,-0.02309959497920644,12.693271338665008,5,0.008465930502233656,14.558000000000002,-0.005784398296567718,0.0004655493566392307,0.0,176.4000371
2017-04-30,0.07908771839849618,0.05962440168463579,12.800200275066967,7,0.01500165470192306,10.725999999999999,-0.009345392840864428,-0.016266879375675176,0.04999999999999982,176.4000371
2017-05-07,0.1395786086928706,0.07908771839849618,13.369567146267359,9,0.006313389842474544,10.482,-0.004046540675935548,-0.03318675827624664,0.06999999999999984,144.0981127
2017-05-14,0.13135777624106715,0.1395786086928706,13.3978716489244,11,-0.003507164047487769,10.187999999999999,0.006063687098675318,0.0006518373896570052,-0.029999999999999805,144.0981127
2017-05-21,0.14255911959067843,0.13135777624106715,13.289402077333765,19,-0.0038553456797105535,12.672,-0.021488682649700976,0.02087691185501667,-0.10000000000000009,144.0981127
2017-05-28,0.06843830362788698,0.14255911959067843,14.019022667329256,12,0.01421597677200071,10.294,0.003083567043988066,0.011500305199042792,0.020000000000000018,144.0981127
2017-06-04,0.14243974500475023,0.06843830362788698,13.410725218760867,12,0.009598623614252353,10.1075,-0.007416597655049595,0.009496598467049274,-0.10000000000000009,171.7162706
2017-06-11,0.16382151565163725,0.14243974500475023,13.505746462366291,13,-0.0029973949231126037,10.354,0.0056704105748116365,-0.006897660205594608,0.06000000000000005,171.7162706
2017-06-18,-0.15769949088295562,0.16382151565163725,13.88954138428519,10,0.0005755395842322177,10.760000000000002,-0.0011315127473772002,-0.011788577518661646,-0.04999999999999982,171.7162706
2017-06-25,0.000787215659011456,-0.15769949088295562,13.334777574505452,12,0.0020938117061357845,10.495999999999999,0.0010287008416681477,-7.958931915526301e-05,-0.010000000000000231,171.7162706
2017-07-02,-0.002008625948561643,0.000787215659011456,13.484099491984205,9,-0.006129562355263841,10.722,-0.016901226614188577,-0.011285988444860328,0.16000000000000014,164.959101
2017-07-09,-0.009944811451881143,-0.002008625948561643,13.118556139061376,10,0.0007424824001532567,11.504999999999999,0.0039657743480813,-0.02659210525382866,0.08000000000000007,164.959101
2017-07-16,-0.2715928283027995,-0.009944811451881143,13.740237291734445,12,0.013962761390461804,10.342,-0.008997758967373952,0.014607185702873,-0.06000000000000005,164.959101
2017-07-23,0.3647504980082744,-0.2715928283027995,14.053014503471774,11,0.005353027908829712,9.687999999999999,-0.01365028337588702,0.02207630744758696,-0.08999999999999986,164.959101
2017-07-30,0.003584947077826002,0.3647504980082744,13.634396272125384,15,-0.0001617926630557692,9.772,-0.006413018986096787,0.016125556916591677,0.05999999999999961,164.959101
2017-08-06,0.1555181573028215,0.003584947077826002,13.38937834901032,15,0.0018994125615965373,10.219999999999999,0.0029978609175654435,-0.008425578408341336,-0.029999999999999805,140.6259307
2017-08-13,0.22872202207866868,0.1555181573028215,13.5182494190655,19,-0.01443672010345454,12.709999999999999,-0.005037254100121216,0.022982329436333136,-0.08000000000000007,140.6259307
2017-08-20,0.0009841067565866187,0.22872202207866868,13.719770285683438,16,-0.006451767843901045,13.184000000000001,0.0038605946072453722,-0.0018564361767258403,0.0,140.6259307
2017-08-27,0.06640259195309417,0.0009841067565866187,13.3053180670607,17,0.007188808250699823,12.059999999999999,-0.007412613841549582,0.004865813809593235,-0.020000000000000018,140.6259307
2017-09-03,0.05964686502661871,0.06640259195309417,13.433737562112897,18,0.013618927082245965,10.992,0.0007545136439868409,0.024732075185004563,-0.009999999999999787,157.6540748
2017-09-10,-0.08290291504805136,0.05964686502661871,13.682893033349435,21,-0.00615635804276186,11.8825,-0.015856109783285843,0.01551343761487233,-0.10000000000000009,157.6540748
2017-09-17,-0.1404357603331629,-0.08290291504805136,14.161869474190892,16,0.0156404349182263,10.484,0.005676251459359514,-0.019429695067849542,0.14000000000000012,157.6540748
2017-09-24,-0.006007820057603132,-0.1404357603331629,13.507802633303486,12,0.0007996162268368961,9.873999999999999,0.0032601637221977837,-0.021124055385697137,0.05999999999999961,157.6540748
2017-10-01,0.1827986072681261,-0.006007820057603132,13.303267263110662,12,0.006850433034903021,9.862,0.0098246404285181,-0.00983627184754649,0.07000000000000028,144.5092377
2017-10-08,0.04628771428634542,0.1827986072681261,13.025896528916622,19,0.0117980337456348,9.486,0.007705517578088041,-0.007735320048420549,0.040000000000000036,144.5092377
2017-10-15,0.20977972062893824,0.04628771428634542,13.636336044032188,20,0.0015286627180647989,9.956,-0.007598088883780429,0.02302873621791885,-0.0900000000000003,144.5092377
2017-10-22,0.05052912702673918,0.20977972062893824,13.420851849821096,20,0.008579726602696234,10.062000000000001,0.006531422115978023,-0.018645853722415565,0.11000000000000032,144.5092377
2017-10-29,0.02714009486306213,0.05052912702673918,13.567843754717368,26,0.0022884636560676383,10.912,0.012936242323186225,-0.006817406806272546,0.029999999999999805,144.5092377
2017-11-05,0.1840145785642797,0.02714009486306213,13.73112844869164,28,0.0025924292411865293,9.99,0.00021068155560918997,-0.002046439124266832,-0.08000000000000007,159.9080579
2017-11-12,-0.22882649323116094,0.1840145785642797,14.026808222994745,32,-0.002127619223909245,10.172,-0.005809977786318887,0.003931749973347284,0.06000000000000005,159.9080579
2017-11-19,0.3135188335570832,-0.22882649323116094,13.592679457832109,27,-0.0013563002214781877,11.882,-0.007763931581457342,0.017349795296331218,-0.04999999999999982,159.9080579
2017-11-26,0.14723852614170782,0.3135188335570832,13.250809361228965,62,0.009109921722676525,9.9825,-0.009440104431798017,-0.007121324313130382,-0.010000000000000231,159.9080579
2017-12-03,0.18803935367276817,0.14723852614170782,13.770387661142314,91,0.01517780728511193,10.661999999999999,0.0011848980758319167,-0.0038916612005186185,0.03000000000000025,148.1669962
2017-12-10,0.2919853677811579,0.18803935367276817,14.10960453018141,83,0.003513614132930984,10.754,0.010814388814787872,-0.026792609068445692,0.009999999999999787,148.1669962
2017-12-17,0.23587524753764377,0.2919853677811579,13.75271984185856,100,0.00912288346233441,9.870000000000001,0.00031943779220687795,0.007262891577269814,-0.029999999999999805,148.1669962
2017-12-24,-0.3239472173264799,0.23587524753764377,14.237360695321762,63,0.0027989792675738013,9.76,-0.006193954018692489,0.01679651521179212,0.1299999999999999,148.1669962
2017-12-31,0.00437042127751889,-0.3239472173264799,13.787028775528624,47,-0.003621501465963571,10.485,-0.013263795035247048,0.02357050504802132,-0.08000000000000007,148.1669962
2018-01-07,0.15843635656314592,0.00437042127751889,13.512471163191451,75,0.025699243307581214,9.34,-0.0018471239021543536,0.009880001329069571,0.07000000000000028,177.714033
2018-01-14,-0.1697050631674436,0.15843635656314592,13.455057055685458,100,0.015553538123414007,9.892,-0.010715169216359706,0.009483738098909612,0.07999999999999963,177.714033
2018-01-21,-0.16648006021519915,-0.1697050631674436,14.231730953389258,66,0.008612578922892989,11.765,-0.004406749447113442,-0.0013493255420555365,0.0900000000000003,177.714033
2018-01-28,0.017118844729181962,-0.16648006021519915,14.0623706358958,71,0.022030733356363554,11.251999999999999,-0.016700454943079014,0.014151882245080918,0.020000000000000018,177.714033
2018-02-04,-0.3608463778308191,0.017118844729181962,14.517647211862018,82,-0.03933071258947115,14.589999999999998,0.0013463482343378822,-0.011006283485961384,0.17999999999999972,125.9920045
2018-02-11,-0.017210819756818634,-0.3608463778308191,14.899401686784323,49,-0.052969625618011364,31.51,0.013917721731653064,-0.016283812506958303,-0.009999999999999787,125.9920045
2018-02-18,0.25206342146984867,-0.017210819756818634,14.34190042800107,43,0.04208551110948831,21.686,-0.014927312933005548,0.0303178278779492,0.040000000000000036,125.9920045
2018-02-25,-0.08147017265834927,0.25206342146984867,14.421835434568248,35,0.005511465726228488,18.9575,0.008716112840364778,-0.019282190559881784,0.009999999999999787,125.9920045
2018-03-04,0.1748394351771427,-0.08147017265834927,14.132363007715835,32,-0.020631420400986394,19.259999999999998,0.0006673340254329241,-0.005200298111900881,-0.020000000000000018,181.6901391
2018-03-11,-0.18065693332592078,0.1748394351771427,14.386682176498494,34,0.034835023900862516,17.206,0.001666389320787263,0.0004532749189944098,0.040000000000000036,181.6901391
2018-03-18,-0.15012225904074336,-0.18065693332592078,14.468642709985984,31,-0.012494294626257015,16.35,0.00155279534306082,-0.008876134594712532,-0.04999999999999982,181.6901391
2018-03-25,0.032627756301409704,-0.15012225904074336,14.252900598856812,31,-0.06132663052154691,20.657999999999998,-0.008346829384480503,0.028249192712540533,-0.03000000000000025,181.6901391
2018-04-01,-0.21628659665719172,0.032627756301409704,14.460795393797179,31,0.020118478603282704,21.5925,0.005461144807098583,-0.016883711982624845,-0.07999999999999963,165.0225491
2018-04-08,0.029636182377760764,-0.21628659665719172,14.1345677433313,28,-0.013879049949723981,21.042,0.0015548648179184621,0.006608118962691814,0.029999999999999805,165.0225491
2018-04-15,0.17363112936639763,0.029636182377760764,14.245804854701731,25,0.019693458839732208,19.676,-0.0034461709387920755,0.008792903149375662,0.04999999999999982,165.0225491
2018-04-22,0.051623839015130464,0.17363112936639763,14.056486168829768,25,0.005181747851484497,16.05,0.005773944533252689,-0.007147673941895321,0.14000000000000012,165.0225491
2018-04-29,0.06680198797135939,0.051623839015130464,14.299047201492593,23,-7.490636707615179e-05,16.77,0.013417115384089627,-0.011195969224369542,0.0,165.0225491
2018-05-06,0.025306124556329516,0.06680198797135939,13.946354592875519,22,-0.002437516441342045,15.612,0.011189079853623727,-0.006595679875400562,-0.009999999999999787,171.499325
2018-05-13,-0.105045287972243,0.025306124556329516,14.04218387232873,20,0.02385526117360321,13.752,-0.0003241316002661836,0.0045533963472000885,0.020000000000000018,171.499325
2018-05-20,-0.019103498648734996,-0.105045287972243,13.916287585470508,20,-0.005403729582716083,13.565999999999999,0.011816659143856349,-0.022512436197152815,0.08999999999999986,171.499325
2018-05-27,-0.1465022766047345,-0.019103498648734996,13.883094437287806,19,0.0030546736300763586,12.925999999999998,0.005856376212015609,0.009556912816127144,-0.1299999999999999,171.499325
2018-06-03,0.048048457492369454,-0.1465022766047345,13.813438412553095,17,0.004875465585972985,15.2125,0.0,-0.0033807177800424335,-0.040000000000000036,164.9175271
2018-06-10,-0.13176417542017127,0.048048457492369454,13.842181699779088,21,0.01610597786752236,12.218,-0.006817966114627183,0.002613375814827713,0.040000000000000036,164.9175271
2018-06-17,-0.047578370459728854,-0.13176417542017127,13.942275358755772,18,0.00025185745001535264,12.346,0.013167865744851723,-0.01875151797227705,0.0,164.9175271
2018-06-24,-0.04847598663487463,-0.047578370459728854,13.945424164284619,19,-0.008961863904932726,13.372,-0.0028524661462432876,-0.006119586020752568,-0.03000000000000025,164.9175271
2018-07-01,0.03389721886372962,-0.04847598663487463,13.999181204327524,17,-0.013337672369918677,16.82,0.001268767351424398,-0.012830842904011737,-0.04999999999999982,227.491186
2018-07-08,0.05321705689255963,0.03389721886372962,13.958909357211766,16,0.015114741399786517,15.02,-0.006359995998262545,0.0010357328735321183,-0.03000000000000025,227.491186
2018-07-15,-0.053829797196262255,0.05321705689255963,14.400743966078675,20,0.014925381812863715,12.744,0.007521620290666915,-0.011694166105783853,0.010000000000000231,227.491186
2018-07-22,0.1526565342397254,-0.053829797196262255,14.43297468041979,21,0.00017847263169572022,12.544,-0.003171250015017193,-0.008170574920655961,0.06000000000000005,227.491186
2018-07-29,0.10289400343977158,0.1526565342397254,14.326985970571762,18,0.006049194690853903,12.498,0.0023265661932812525,-0.006601221966396897,0.06999999999999984,227.491186
2018-08-05,-0.15626068301658846,0.10289400343977158,14.279150230123511,19,0.007598417926344016,12.813999999999998,0.00495233086333552,0.00016351892768018528,-0.009999999999999787,172.1664648
2018-08-12,-0.10716310354727965,-0.15626068301658846,14.353780127880098,18,-0.0024675703440002693,11.495999999999999,0.012741686742535192,-0.0034395251335810296,-0.08000000000000007,172.1664648
2018-08-19,0.026340965672471836,-0.10716310354727965,16.82090054530581,17,0.005911971331223674,13.764,-0.0027018617704238556,-0.028963409383595713,0.0,172.1664648
2018-08-26,0.03504928949144252,0.026340965672471836,16.88866672848307,17,0.008594239594315838,12.4,-0.009934722234088244,0.024276478960151403,-0.050000000000000266,172.1664648
2018-09-02,0.0830371278445572,0.03504928949144252,17.093786726113922,20,0.009279523669912259,12.66,-0.00010510273802318111,-0.005454558978272204,0.040000000000000036,193.3219563
2018-09-09,-0.15629861352502122,0.0830371278445572,17.072067449800162,17,-0.010323655743054756,14.15,0.0023097123129042106,-0.0052345265133430345,0.08000000000000007,193.3219563
2018-09-16,0.041093176790058576,-0.15629861352502122,16.936994036823826,16,0.011529201398403507,12.992,-0.004519425423332479,0.0005829689942323509,0.050000000000000266,193.3219563
2018-09-23,0.030886333877315344,0.041093176790058576,17.431281540257572,15,0.008466638404483473,12.34,-0.007507304621812197,0.00016650016688485019,0.07999999999999963,193.3219563
2018-09-30,-0.010330469026333226,0.030886333877315344,17.92998449148154,13,-0.0053733209353449204,12.408,0.009611903946470563,-0.004254438116872721,-0.020000000000000018,193.3219563
2018-10-07,-0.0036538821585386785,-0.010330469026333226,17.834539804101585,14,-0.009793857165820936,12.940000000000001,0.0051376259795918346,0.00782750270182903,0.18000000000000016,213.5853499
2018-10-14,-0.043940349244244385,-0.0036538821585386785,13.697751272025863,14,-0.041933010231376106,20.178,-0.004191999431584684,0.013511492419254947,-0.08000000000000007,213.5853499
2018-10-21,0.03969598937854304,-0.043940349244244385,13.982879208531013,13,0.00025294043387678194,19.253999999999998,0.005132782441442229,0.005467839141985001,0.050000000000000266,213.5853499
2018-10-28,-0.014829142896463414,0.03969598937854304,13.421667649683897,13,-0.040215499284022065,22.792,0.00676839153885549,0.005761833753353538,-0.1200000000000001,213.5853499
2018-11-04,-0.0012187315902636524,-0.014829142896463414,13.731498315435045,13,0.02393365569288345,21.625999999999998,0.0018662524856762341,-0.002025030054936704,0.14000000000000012,247.1332789
2018-11-11,-0.0049673972293572885,-0.0012187315902636524,13.823786220015355,17,0.021039638033273682,18.062,0.0038252825141117763,-0.020230838644484345,-0.03000000000000025,247.1332789
2018-11-18,-0.13035180302655747,-0.0049673972293572885,14.298640163428916,24,-0.016203932379742353,19.968,-0.004550633563996468,0.011844191759714379,-0.10999999999999988,247.1332789
2018-11-25,-0.3313987949678495,-0.13035180302655747,14.984453933420799,25,-0.03863469186291515,21.225,0.004653816765862744,0.00016351892768018528,-0.03000000000000025,247.1332789
2018-12-02,0.02388652472159276,-0.3313987949678495,14.925807646022324,20,0.047331189862632336,18.654,0.00360472093302386,0.0022864618813041694,-0.040000000000000036,220.3905672
2018-12-09,-0.15374615312798648,0.02388652472159276,14.874206691715527,19,-0.04714128158775799,20.4,-0.007843986962304178,0.021464553595155703,-0.1599999999999997,220.3905672
2018-12-16,-0.09385643672072842,-0.15374615312798648,14.828666623400412,20,-0.012688876534733549,21.628,0.009590174042542228,-0.00898161611176001,0.040000000000000036,220.3905672
2018-12-23,0.19428821782791095,-0.09385643672072842,15.396518131202836,17,-0.07311138913824021,26.833999999999996,-0.004938281640582566,0.013362871377532694,-0.10000000000000009,220.3905672
2018-12-30,-0.03335618673961665,0.19428821782791095,15.22346855872019,15,0.02819271641114767,31.195,-0.005792320704504322,0.01959843925855127,-0.06999999999999984,220.3905672
2019-01-06,0.04837817142965813,-0.03335618673961665,15.070205943852173,34,0.01841569900901027,23.8675,-0.002284765766983336,0.0021800070919498144,-0.050000000000000266,243.9905468
2019-01-13,-0.13735979500344475,0.04837817142965813,15.10341450021055,31,0.025117345537492813,19.907999999999998,-0.005316666159440648,0.0028734536138130583,0.040000000000000036,243.9905468
2019-01-20,0.01481719252212758,-0.13735979500344475,15.119984590712066,27,0.028253255766933057,18.514,0.0069788315119987615,-0.00536527860663698,0.08000000000000007,243.9905468
2019-01-27,0.0037475917006215454,0.01481719252212758,14.934513536280118,29,-0.0022116024383215193,19.1575,-0.005725305807274321,0.012012389184186251,-0.03000000000000025,243.9905468
2019-02-03,-0.027515385758618414,0.0037475917006215454,15.113102112433557,32,0.015527279357562656,17.674,-0.0021947022447882606,0.01831972461710224,-0.05999999999999961,173.7976955
2019-02-10,0.061632536495872976,-0.027515385758618414,15.098212284248186,28,0.0005171394914304541,15.754000000000001,0.0110291410364927,-0.002726654722709577,-0.07000000000000028,173.7976955
2019-02-17,-0.004030945647630324,0.061632536495872976,15.12427841810575,33,0.024693513296930616,15.636000000000001,0.0026867847102158755,0.0027266547227094875,0.03000000000000025,173.7976955
2019-02-24,0.02453151563961496,-0.004030945647630324,15.622897283078029,31,0.00614192976516007,14.217500000000001,-0.004032888977675857,0.008060610896527255,-0.010000000000000231,173.7976955
2019-03-03,0.014356400816305214,0.02453151563961496,16.368532916866993,28,0.003931103625821531,14.613999999999999,0.00020721094147903532,-0.025533302005164647,0.10999999999999988,240.8760736
2019-03-10,0.02736846677534286,0.014356400816305214,16.76624546558753,27,-0.021851305708731266,15.55,0.008047917973373786,7.696748127706331e-05,-0.13999999999999968,240.8760736
2019-03-17,0.016792219009092307,0.02736846677534286,16.794605190365242,28,0.02853434931617276,13.578,-0.007426542642693134,0.002766891320195204,-0.03000000000000025,240.8760736
2019-03-24,0.003309849815855765,0.016792219009092307,16.787974204578912,24,-0.007753631105314521,14.136000000000001,0.0006209894631354669,0.0071887736933548855,-0.1499999999999999,240.8760736
2019-03-31,0.026579309500803196,0.003309849815855765,16.736519285322327,47,0.011960888632759764,14.86,0.006497212563516855,-0.010571570799437813,-0.029999999999999805,240.8760736
2019-04-07,0.23202097911822483,0.026579309500803196,17.385470487112432,40,0.020360047465016923,13.38,0.0011301177552509763,-0.0022358438056289858,0.08999999999999986,191.2838485
2019-04-14,-0.007527876921611581,0.23202097911822483,15.50496594698438,33,0.005068888975945278,13.157999999999998,-0.004321883656653003,-0.00030878493374871105,0.06000000000000005,191.2838485
2019-04-21,0.02094832006368821,-0.007527876921611581,15.47079334908869,36,-0.0008258207062129642,12.256,0.004219198438099849,-0.014934938458690185,0.009999999999999787,191.2838485
2019-04-28,0.011151474395513956,0.02094832006368821,15.658392390305295,31,0.01194217686279777,12.764,0.006448663526533832,0.009981367958029353,-0.06000000000000005,191.2838485
2019-05-05,0.08538025155278063,0.011151474395513956,15.518209278947955,46,0.0019369643300040293,13.663999999999998,-0.0050120291080725295,-0.005836365347234134,0.03000000000000025,223.5479139
2019-05-12,0.19021541927384358,0.08538025155278063,15.737757207567736,73,-0.02203624435144072,17.86,-0.0019502187346138575,0.004749493102985143,-0.06999999999999984,223.5479139
2019-05-19,0.1551646133215941,0.19021541927384358,15.921536823501462,54,-0.007629502772001789,17.259999999999998,0.006860212232169615,-0.00912963307427118,-0.08000000000000007,223.5479139
2019-05-26,0.05636670696177742,0.1551646133215941,15.578885984650324,55,-0.011749115032781962,15.756,-0.003987531483698181,0.006173582691457251,-0.07000000000000028,223.5479139
2019-06-02,0.01133731064146892,0.05636670696177742,16.826173807646683,48,-0.026533412720232758,17.8525,0.0014332516786013814,0.021197849269654366,-0.17999999999999972,320.4310665
2019-06-09,-0.1338620517687055,0.01133731064146892,15.373722542162726,44,0.0430969383919074,16.830000000000002,-0.01245576863312827,0.02634504314469114,-0.050000000000000266,320.4310665
2019-06-16,0.16030626725514296,-0.1338620517687055,15.32050087123878,64,0.004756705668671565,15.788,0.01061263888751159,-0.001189325941127966,0.0,320.4310665
2019-06-23,0.19544749286456525,0.16030626725514296,15.48058561658612,100,0.02175674683428839,14.996,-0.013932832848551008,0.04052146591496027,-0.020000000000000018,320.4310665
2019-06-30,-0.007229823762063319,0.19544749286456525,15.79284185169433,68,-0.00295300861198082,15.73,-0.0009357941935828839,0.009666718249107257,-0.06999999999999984,320.4310665
2019-07-07,0.053740245472329654,-0.007229823762063319,15.617654257296941,64,0.016385518816055832,13.21,0.01199476690961151,-0.009666718249107356,0.040000000000000036,249.3960505
2019-07-14,-0.11260959633683429,0.053740245472329654,15.594389089636497,64,0.007794583282755735,13.280000000000001,-0.0049459142553561816,0.00860510945836687,0.08000000000000007,249.3960505
2019-07-21,0.0491911069270393,-0.11260959633683429,15.602242409878265,53,-0.01242003144899586,13.498,0.003505881091468969,0.010215313038522324,-0.07000000000000028,249.3960505
2019-07-28,-0.09660086528883398,0.0491911069270393,15.229971976599122,47,0.01642685834054544,12.622,0.008813338457639453,-0.005200292815556702,0.03000000000000025,249.3960505
2019-08-04,0.11694430786806674,-0.09660086528883398,15.174785664460117,56,-0.031489678038666646,15.674000000000001,0.0006119951231404112,0.026558846919435313,-0.21999999999999997,290.6558587
2019-08-11,0.0519094964993929,0.11694430786806674,15.305601712765808,50,-0.004580578187445439,19.826,-0.005931700763048801,0.03439314037446837,-0.1200000000000001,290.6558587
2019-08-18,-0.11046542475726769,0.0519094964993929,15.28454782409528,45,-0.010331737735143733,20.072,0.006645222020577269,0.009960176005333204,-0.18999999999999995,290.6558587
2019-08-25,-0.01725310535694331,-0.11046542475726769,15.095199184017906,43,-0.014505641560509031,17.346,-0.005107785136998041,0.009146803611579001,-0.030000000000000027,290.6558587
2019-09-01,-0.04098108889130153,-0.01725310535694331,14.955287182547137,42,0.027506237377436692,19.168,0.01302419712845621,-0.005347257605903145,-0.020000000000000018,237.3755573
2019-09-08,0.06693304951656943,-0.04098108889130153,15.040591020016564,37,0.017679793976382516,17.064999999999998,-0.005372269775541403,-0.009130084112267014,0.050000000000000044,237.3755573
2019-09-15,-0.008815223418493221,0.06693304951656943,14.78287836085139,36,0.009588954380561699,14.607999999999999,-0.0013221461371718329,-0.010613698308794106,0.34999999999999987,237.3755573
2019-09-22,-0.02751966657461881,-0.008815223418493221,14.763509237322706,46,-0.0051004360924768255,14.486,0.0025410391270855428,0.01034972417672594,-0.15999999999999992,237.3755573
2019-09-29,-0.22017982674933453,-0.02751966657461881,15.257492668694084,39,-0.01017829039233986,16.242,0.006072278551029321,-0.005758745022846954,-0.050000000000000044,237.3755573
2019-10-06,-0.020991292380926573,-0.22017982674933453,14.987274170868178,37,-0.0033142848830399387,18.304,-0.0030315302117456333,0.004305640407846663,-0.16999999999999993,202.2540357
2019-10-13,0.04945511985298729,-0.020991292380926573,15.13283526161348,33,0.00618005107621568,17.986,-0.005174787053750662,-0.01612508286777774,0.24,202.2540357
2019-10-20,-0.007040362557212101,0.04945511985298729,15.041386722677172,42,0.0053387182959847125,13.966,-0.010430608935263909,0.0036207629740275115,0.0,202.2540357
2019-10-27,0.14741899521463833,-0.007040362557212101,15.71138376594674,41,0.012115712043456833,13.766,0.005637860251480465,0.007468195009419147,0.040000000000000036,202.2540357
2019-11-03,-0.03538405969560889,0.14741899521463833,15.491501835374171,36,0.014549891295057899,12.831999999999999,-0.006049129021414858,0.004044159720161347,-0.07000000000000006,242.6026066
2019-11-10,-0.017713554935212834,-0.03538405969560889,15.297428686078524,34,0.008506544801512094,12.67,0.011350395387145485,-0.03261560660257915,0.20999999999999996,242.6026066
2019-11-17,-0.06008668889019667,-0.017713554935212834,15.151082514339686,37,0.008819421141507357,12.693999999999999,-0.003565066164496146,0.003820704654634188,-0.09999999999999987,242.6026066
2019-11-24,-0.20612371071111116,-0.06008668889019667,15.597778457758714,39,-0.0032740608305679327,12.714,0.00275131370376355,-0.003342317493623082,-0.07000000000000006,242.6026066
2019-12-01,0.0658986655153254,-0.20612371071111116,15.617657556189831,35,0.009822035995116735,11.945,0.0,0.006198296587064769,0.010000000000000009,232.0985303
2019-12-08,0.017157677886034412,0.0658986655153254,15.373941450819753,32,0.0015587971789557094,14.762,-0.005817233325598324,-0.005173951224849244,0.06000000000000005,232.0985303
2019-12-15,-0.05405023962484989,0.017157677886034412,15.178789586572792,38,0.007252949590104765,14.62,-0.005439537197389417,0.010929070532190449,-0.020000000000000018,232.0985303
2019-12-22,0.050242030071823,-0.05405023962484989,15.47878303302678,33,0.0164009936136828,12.404,0.00533717781350359,-0.0002025589959998834,0.09999999999999987,232.0985303
2019-12-29,-0.013200758391473808,0.050242030071823,15.44453931056336,34,0.005819368864985309,12.84,-0.007913303716526123,0.024809541895211604,-0.040000000000000036,232.0985303
2020-01-05,-0.003385243584933448,-0.013200758391473808,15.282026841467017,27,-0.0016062275647079573,13.7725,-0.0008257638784672776,0.022342567556081928,-0.07999999999999985,191.7217915
2020-01-12,0.10486395291994707,-0.003385243584933448,15.639288584924914,27,0.009384539881912431,13.238,0.0053553166094140224,0.004947801258452318,0.030000000000000027,191.7217915
2020-01-19,0.06141460090152858,0.10486395291994707,15.672720632254869,24,0.01950053453579024,12.309999999999999,0.002871796845487652,0.0001281886939328037,0.010000000000000009,191.7217915
2020-01-26,-0.011366646580003147,0.06141460090152858,15.176576850662903,25,-0.01029427514659535,13.325,0.002148448317325855,0.007406968287055818,-0.14000000000000012,191.7217915
2020-02-02,0.08109129561475063,-0.011366646580003147,15.415079936199769,25,-0.021469924520478172,17.046,-0.004712157868977352,0.008236235104187474,-0.18999999999999995,196.4932569
2020-02-09,0.08386141325664156,0.08109129561475063,15.35898386622092,31,0.03119339767479819,15.919999999999998,0.01315875568804811,-0.009063601897605687,0.08000000000000007,196.4932569
2020-02-16,-0.021829405233715148,0.08386141325664156,15.550043375730128,28,0.0156535046770331,14.357999999999999,0.004448945659731116,0.008369310835537947,0.0,196.4932569
2020-02-23,0.0010465409760218088,-0.021829405233715148,15.56764696644144,27,-0.012622972014825014,15.4625,0.0014114328384078085,0.037974149849062555,-0.13000000000000012,196.4932569
2020-03-01,-0.15207760576198706,0.0010465409760218088,15.749270042922008,26,-0.12208402070280328,31.941999999999997,-0.011449539940892591,-0.0488296762259332,-0.33000000000000007,318.4648591
2020-03-08,-0.06106602484102674,-0.15207760576198706,15.708788170382677,48,0.006141820676814973,36.757999999999996,-0.022465907764693222,0.06528822408296867,-0.3899999999999999,318.4648591
2020-03-15,-0.4035563249526317,-0.06106602484102674,16.491726035546467,50,-0.09205213678464864,57.791999999999994,0.028764181327522266,-0.09772279842505877,0.19999999999999996,318.4648591
2020-03-22,0.08152236339720224,-0.4035563249526317,16.43727639046947,37,-0.1622802789569665,74.61800000000001,0.04038848284612728,-0.021391546373904786,-0.019999999999999907,318.4648591
2020-03-29,0.011662885668347769,0.08152236339720224,16.082071503341304,32,0.09771716634525825,62.75,-0.044345669279366694,0.09036244008039127,-0.20000000000000007,318.4648591
2020-04-05,0.13957591866102803,0.011662885668347769,15.99732026769214,32,-0.02099397211719684,53.077999999999996,0.02231921339582696,0.007723939583241761,-0.09999999999999998,328.1326391
2020-04-12,0.02116906293068561,0.13957591866102803,15.908986899467676,31,0.11420942288837455,44.24,-0.010594801752949436,0.06059588494559094,0.10999999999999999,328.1326391
2020-04-19,0.029246057205085944,0.02116906293068561,16.327227900828873,30,0.029943625458996433,39.606,0.0026091334420219555,-0.02862585060003569,-0.07999999999999996,328.1326391
2020-04-26,0.07516136186546808,0.029246057205085944,15.78153421035855,38,-0.01327212940554631,41.706,0.005995221793896338,0.019561385083189813,-0.050000000000000044,328.1326391
2020-05-03,0.14594442690876638,0.07516136186546808,15.991276537641925,43,-0.0021173738369043415,33.886,-0.013035379605628743,-0.013605652055778598,0.040000000000000036,415.7433513
2020-05-10,-0.01664785417360343,0.14594442690876638,16.22065223928341,51,0.03441013042098882,32.624,0.006538929792617725,0.007613952678480464,0.04999999999999993,415.7433513
2020-05-17,0.1020513892807625,-0.01664785417360343,16.190416312537945,38,-0.02281966630500351,32.077999999999996,0.006695672843852213,0.02443784802916329,-0.04999999999999993,415.7433513
2020-05-24,-0.10326510672522872,0.1020513892807625,15.8615439607031,31,0.03151951047886752,29.101999999999997,-0.005393002185165659,-0.01191376712584893,0.020000000000000018,415.7433513
2020-05-31,0.07996338603217136,-0.10326510672522872,15.550131613152383,33,0.029636984189372544,27.9325,-0.01533834308866987,0.004254836225795048,-0.010000000000000009,415.7433513
2020-06-07,0.029985473426420467,0.07996338603217136,15.309663312446315,27,0.04797175092210437,26.212,-0.014338631566563391,-0.03764985510754637,0.26,309.5923035
2020-06-14,-0.041634479362949554,0.029985473426420467,15.087784794788309,26,-0.048957685010120836,31.565999999999995,0.0039122874980919075,0.031376272702290826,-0.20000000000000007,309.5923035
2020-06-21,-0.0052463146772564456,-0.041634479362949554,15.019206323918624,26,0.018374845048132842,33.92,0.0030778725436796366,0.00868046035801834,-0.010000000000000009,309.5923035
2020-06-28,-0.01871892402157841,-0.0052463146772564456,14.978605116187865,24,-0.029018869908766114,32.786,-0.0019482190217515504,0.014884947018034653,-0.05999999999999994,309.5923035
2020-07-05,-0.004723985714450364,-0.01871892402157841,14.748445994966502,24,0.03939197382394269,29.238,-0.002672149585902318,0.011326800473903807,0.040000000000000036,313.1465901
2020-07-12,0.023916099257257743,-0.004723985714450364,14.922190217710142,29,0.01741928447206488,28.4,-0.0053658161970076435,0.004672645760431372,-0.030000000000000027,313.1465901
2020-07-19,-0.010027746545367415,0.023916099257257743,14.77950514990744,24,0.012387633640863802,28.630000000000003,-0.007373209580422068,0.004485181527102778,-0.010000000000000009,313.1465901
2020-07-26,0.07573953728703545,-0.010027746545367415,14.795395615363583,40,-0.0028259571933217085,25.107999999999997,-0.01575828385660573,0.047210385009913466,-0.050000000000000044,313.1465901
2020-08-02,0.10813742666790839,0.07573953728703545,15.305195996671346,37,0.01711235430788811,24.7,-0.011608842229580623,0.03648056834241375,-0.039999999999999925,289.3559292
2020-08-09,0.05403107647421888,0.10813742666790839,14.984509856967112,33,0.0242220104832186,23.178,0.0009636490921852838,0.02325394187217957,0.019999999999999907,289.3559292
2020-08-16,0.018473651124272086,0.05403107647421888,15.102155839855032,34,0.00639492966207622,22.524,-0.0036453347968955483,-0.038202515513157426,0.14,289.3559292
2020-08-23,-0.021869473071405056,0.018473651124272086,15.077963568843817,27,0.007208302998865589,22.131999999999998,0.0016098742409035322,-0.0014452361346985818,-0.06999999999999995,289.3559292
2020-08-30,0.005174877464432933,-0.021869473071405056,15.027749106707242,28,0.03209451158621958,23.02,-0.009481807919406175,0.01578386770126195,0.09999999999999998,289.3559292
2020-09-06,-0.12796544778801205,0.005174877464432933,18.068663934042153,27,-0.023360831617464804,28.689999999999998,0.003781948426977604,-0.020858706411020386,-0.020000000000000018,309.334464
2020-09-13,0.002870666879425082,-0.12796544778801205,16.368867598789976,25,-0.025415079517852334,29.2125,0.0065574005461590396,0.006881057753258013,-0.04999999999999993,309.334464
2020-09-20,0.05606833706328106,0.002870666879425082,13.178743710840436,23,-0.006455994197542471,25.954,-0.004295078008407279,0.007038845307483451,0.029999999999999916,309.334464
2020-09-27,-0.013393324822470735,0.05606833706328106,13.084599202983311,22,-0.006346349496288487,27.622000000000003,0.01823369810088341,-0.05007606123408484,-0.039999999999999925,309.334464
2020-10-04,-0.009632180247230152,-0.013393324822470735,12.950981760648709,21,0.015014800122975878,26.631999999999998,-0.00848901532491131,0.024458896863784486,0.039999999999999925,306.5552709
2020-10-11,0.06335843619154823,-0.009632180247230152,12.959373748909867,22,0.03771599323404114,27.372000000000003,-0.008346757928717571,0.009462391223154268,0.09000000000000008,306.5552709
2020-10-18,0.011880600798586084,0.06335843619154823,12.927418480448798,32,0.0019250390234188926,26.383999999999997,0.006640272872959386,-0.010198033103841573,-0.030000000000000027,306.5552709
2020-10-25,0.1244763625793618,0.011880600798586084,13.4053293465024,33,-0.005295585966615006,28.568,-0.009761407624281892,-5.25665624218381e-05,0.08999999999999997,306.5552709
2020-11-01,0.05429900888279047,0.1244763625793618,13.51000390059994,37,-0.058038081185447246,36.34,0.013596912006688784,-0.011845096454179839,0.030000000000000027,397.3794527
2020-11-08,0.11806563078583976,0.05429900888279047,13.831452802385027,39,0.07065509778573599,30.938,-0.019434766424241228,0.03748220371724031,-0.050000000000000044,397.3794527
2020-11-15,0.029859041629696364,0.11806563078583976,13.590903436153077,52,0.02136917780617152,24.490000000000002,0.0056222442399170465,-0.034136564527371765,0.06000000000000005,397.3794527
2020-11-22,0.1434046066059473,0.029859041629696364,13.843534201870494,59,-0.007756209519199171,23.162,-0.0038889538048907757,-0.007343192683868892,-0.06000000000000005,397.3794527
2020-11-29,-0.012426932675499212,0.1434046066059473,13.891962210124605,53,0.022458488605881614,21.528,-0.0065153884516540835,-0.04791466630759287,0.010000000000000009,397.3794527
2020-12-06,0.06361187324127866,-0.012426932675499212,13.605813693368821,40,0.016573007230747734,20.916,-0.011946002109908755,0.029099587968668995,0.13,302.4802669
2020-12-13,-0.010535231413523994,0.06361187324127866,13.37509679843865,65,-0.009670572200618023,22.016,0.0030823450207672315,0.0021201997667538177,-0.06999999999999995,302.4802669
2020-12-20,0.202230550157285,-0.010535231413523994,13.869828274173862,68,0.012451163855167962,22.722,-0.010607834277071486,0.02419710855061954,0.04999999999999993,302.4802669
2020-12-27,0.11216460736546717,0.202230550157285,13.772498667370984,100,-0.00169983177523095,23.152,0.00332705197661989,-0.0030792124563326037,-0.010000000000000009,302.4802669
2021-01-03,0.22716495809813045,0.11216460736546717,13.854769731916392,89,0.014210878361941317,22.575,-0.0042161384988451565,0.0076275596247318035,-0.009999999999999898,271.7565365
2021-01-10,0.1473699755836018,0.22716495809813045,14.24081097257321,81,0.018098847770289275,24.262,0.0017773832717307898,-0.03200916618785158,0.19999999999999984,271.7565365
2021-01-17,-0.06357787895138506,0.1473699755836018,14.044683893535462,53,-0.014882598968286075,23.442,0.007408669924243599,-0.0030011208512713025,-0.019999999999999796,271.7565365
2021-01-24,-0.10580518792402348,-0.06357787895138506,13.84459351885594,48,0.019265481463789487,22.0125,-0.005856046788787147,0.014270066627650922,-0.010000000000000009,271.7565365
2021-01-31,0.026529726030474515,-0.10580518792402348,13.974418475599208,45,-0.033699603548737134,29.344,0.003760650378318991,-0.0038864347741676157,0.010000000000000009,271.7565365
2021-02-07,0.1600047546658093,0.026529726030474515,13.722989484982861,79,0.045422885206331386,24.27,0.005065532249953109,-0.02026893394506296,0.07999999999999985,195.1068145
2021-02-14,0.224733416428295,0.1600047546658093,13.882785955436711,74,0.012273857673319056,21.216,-0.006170138570155787,0.005558780377841801,0.010000000000000009,195.1068145
2021-02-21,0.16611684366478513,0.224733416428295,13.657065671213992,84,-0.007167026788901761,21.875,-0.0013271402080625746,-0.02540224961406351,0.14000000000000012,195.1068145
2021-02-28,-0.24033267087722743,0.16611684366478513,14.014549923531076,55,-0.024748927688720196,24.948,0.0057382633730385475,-0.02710502301316395,0.09999999999999987,195.1068145
2021-03-07,0.12117820434366913,-0.24033267087722743,13.230894860227528,51,0.008022935718424646,25.470000000000002,0.012031207138936654,-0.01768201759203757,0.1200000000000001,212.0486895
2021-03-14,0.14798419437690097,0.12117820434366913,13.573031270343321,52,0.026050900303813525,22.932,-0.0032669091453482687,0.012462496376157402,0.07999999999999985,212.0486895
2021-03-21,-0.029700674512853693,0.14798419437690097,13.45365076733683,47,-0.007688037459842209,20.316,0.002614380574070672,0.012653642760943202,0.10000000000000009,212.0486895
2021-03-28,-0.028612014606949232,-0.029700674512853693,13.450961839920966,43,0.015569055289790378,19.81,0.009204678124679797,-0.005411642452844093,-0.07000000000000006,212.0486895
2021-04-04,0.042733617603814576,-0.028612014606949232,13.234870296582589,42,0.011358072668605395,18.881999999999998,0.002691212130770906,-0.0028905095856564082,0.050000000000000044,193.9223277
2021-04-11,0.030105862671826047,0.042733617603814576,13.176643207650661,52,0.026729781152744714,17.366,-0.009288326848369896,0.009507144294475977,-0.050000000000000044,193.9223277
2021-04-18,-0.06494641575499872,0.030105862671826047,13.65719454851712,71,0.013639363265593547,16.674,-0.006531701863215124,0.020153388519076023,-0.07999999999999985,193.9223277
2021-04-25,-0.1379659185270043,-0.06494641575499872,13.661543194666848,52,-0.00126707883598287,17.901999999999997,-0.007674634753108697,-0.0011246697468445725,-0.010000000000000009,193.9223277
2021-05-02,0.14499895585200215,-0.1379659185270043,13.313743778686629,44,0.00023919439442388903,17.740000000000002,0.004611845222563067,-0.005416092224108611,0.06999999999999984,173.1251529
2021-05-09,0.02846709313728483,0.14499895585200215,13.547997058914124,60,0.012218174767801251,18.404,-0.011569739547410864,0.035346830605065424,-0.04999999999999982,173.1251529
2021-05-16,-0.22667495095202705,0.02846709313728483,13.880689498989245,100,-0.013965610910412716,22.206,0.0009969538349970486,0.0037063322528156,0.029999999999999805,173.1251529
2021-05-23,-0.29171376159404655,-0.22667495095202705,14.573335312493498,74,-0.004321839183997786,20.812,-0.003327051976619871,0.020782485897508415,0.0,173.1251529
2021-05-30,0.027673183794672925,-0.29171376159404655,13.954237181973587,51,0.011531228251643655,17.619999999999997,0.00011108025559890605,0.01444202105408367,-0.04999999999999982,173.1251529
2021-06-06,0.004550283358296846,0.027673183794672925,13.514270320913642,53,0.006118112515353501,17.46,0.0012210691421167996,-0.006956916432229302,-0.020000000000000018,170.9733785
2021-06-13,0.08577068478553998,0.004550283358296846,13.81288711975756,41,0.004128678909258365,16.626,0.004648597192370553,-0.0065796692853038775,-0.09000000000000008,170.9733785
2021-06-20,-0.09192099992440475,0.08577068478553998,13.657428828342013,51,-0.019254677434003192,18.002,0.0181644123236866,-0.06034516768168912,-0.020000000000000018,170.9733785
2021-06-27,-0.026107754988234026,-0.09192099992440475,14.121530950843917,34,0.0270641940304439,16.492,-0.004020215117424889,0.004851366202563214,0.09000000000000008,170.9733785
2021-07-04,0.01771207275595889,-0.026107754988234026,13.189087009447237,29,0.01658789337884199,15.632,0.0041286455864929395,0.0035390313038161435,-0.10000000000000009,189.0786546
2021-07-11,-0.030796713374328738,0.01771207275595889,13.13411406683699,28,0.003967030735959406,16.955,-0.0010848341267868755,0.01519270158287228,-0.06999999999999984,189.0786546
2021-07-18,-0.07402819290174592,-0.030796713374328738,13.028799671626013,34,-0.009750790162223466,17.016,0.006059968766900653,0.0024271856576111375,-0.06000000000000005,189.0786546
2021-07-25,0.1074533112392981,-0.07402819290174592,13.229494324922378,39,0.01936208787301436,19.006,0.0023706907654798253,-0.007299302481611608,-0.010000000000000009,189.0786546
2021-08-01,0.1193719402004454,0.1074533112392981,13.494643918121449,31,-0.0037469812548545883,18.238,-0.007996584647648205,0.00647251450561752,-0.06000000000000005,201.281625
2021-08-08,0.0936371040069056,0.1193719402004454,13.329231194616284,34,0.009329989100015385,17.78,0.006811941786581961,-0.02977443067103046,0.07000000000000006,201.281625
2021-08-15,0.07049305788448085,0.0936371040069056,13.220940940765322,33,0.007075103913698872,16.122,-0.0030218024289164784,0.00859782433121597,-0.020000000000000018,201.281625
2021-08-22,0.04703825580965945,0.07049305788448085,12.729439300790474,33,-0.005903695160884342,19.166,0.010536598931402845,0.003317498614626584,-0.030000000000000027,201.281625
2021-08-29,-0.009733643168193262,0.04703825580965945,12.980292772116599,28,0.015126920924204638,17.278,-0.008700844406900013,0.019567050070343962,0.050000000000000044,201.281625
2021-09-05,0.05951669702508887,-0.009733643168193262,13.08418372216216,38,0.005749175573774366,16.32,-0.0071459810369757125,0.008168681150755988,0.020000000000000018,211.9478693
2021-09-12,-0.11678895984593464,0.05951669702508887,13.292696694886217,27,-0.01707846713470732,18.9625,0.005958524752358893,-0.022975550866414757,0.020000000000000018,211.9478693
2021-09-19,0.025218643885454983,-0.11678895984593464,12.95174111618222,35,-0.005758259646425132,19.302,0.00656728419443955,-0.022886880366699686,0.020000000000000018,211.9478693
2021-09-26,-0.0892942760420599,0.025218643885454983,13.360072336277842,28,0.005062732307721002,21.464,0.0015011797800912414,0.0001714726648195428,0.09999999999999987,211.9478693
2021-10-03,0.10944189988640464,-0.0892942760420599,12.908055674752518,34,-0.02235554093533241,21.772,0.0074722807113302096,0.0045617915682785995,0.010000000000000009,187.2398434
2021-10-10,0.12627772551080393,0.10944189988640464,13.250967651692296,36,0.007841563677304722,20.714,0.0004253056948744833,-0.0005121639036412221,0.13000000000000012,187.2398434
2021-10-17,0.11784540808624569,0.12627772551080393,13.136167658380726,46,0.0180762478814119,18.330000000000002,-0.0013829053850109654,0.006185294226625943,-0.020000000000000018,187.2398434
2021-10-24,-0.010801288076868969,0.11784540808624569,13.124301498034587,37,0.016304166493148507,15.588,-0.003198637976138945,0.0157156515060147,0.06999999999999984,187.2398434
2021-10-31,0.007253496268763018,-0.010801288076868969,12.991639468677644,31,0.013223802854211672,16.198,0.005112921236451656,-0.006592939290630229,-0.10999999999999988,187.2398434
2021-11-07,0.03152542124036441,0.007253496268763018,12.768883324362116,38,0.019800924264101506,15.892000000000001,0.0021226923699536886,0.01827473303412681,-0.10000000000000009,229.3218799
2021-11-14,0.034713466872674625,0.03152542124036441,12.95129031838112,37,-0.0031128761650880466,17.536,0.008551120989250217,0.02805925813418993,0.13000000000000012,229.3218799
2021-11-21,-0.10949201689528752,0.034713466872674625,13.128623740375142,39,0.003219310096325689,17.094,0.009416265431515686,-0.009085839768423143,-0.040000000000000036,229.3218799
2021-11-28,-0.024531038092308607,-0.10949201689528752,13.031168717219401,37,-0.022255185360787466,20.866,0.0006246096392950035,-0.03635164212261224,-0.06000000000000005,229.3218799
2021-12-05,-0.14809051662871617,-0.024531038092308607,13.276336898682795,38,-0.01230717384571326,27.978,0.00031215857909170155,-0.0014572359937784086,-0.1299999999999999,258.4092835
2021-12-12,0.013579940614733034,-0.14809051662871617,12.933234704677396,35,0.03753791931906524,21.848,-0.00020809489202143,0.0005046681913823097,0.1299999999999999,258.4092835
2021-12-19,-0.0698011748680119,0.013579940614733034,12.947700418537647,32,-0.019587879558163174,20.726,0.004775260813029441,0.011315932226650375,-0.07000000000000006,258.4092835
2021-12-26,0.08366008721975918,-0.0698011748680119,12.668296087456946,32,0.02251229199220811,19.686,-0.0056080736864818,0.003817326424656019,0.09000000000000008,258.4092835
2022-01-02,-0.07074087115151839,0.08366008721975918,12.792775389869256,58,0.008512482923795986,17.344,-0.0005208604732579677,0.009671467846912647,0.020000000000000018,221.7036666
2022-01-09,-0.12270856099984041,-0.07074087115151839,12.95247619239055,55,-0.018892462963377418,18.322,-0.0026083795893637406,-0.017209470506052982,0.24,221.7036666
2022-01-16,0.02898678586106705,-0.12270856099984041,12.808337329612947,57,-0.003019306568924301,18.986,-0.005762496955920529,0.010570396436983532,0.020000000000000018,221.7036666
2022-01-23,-0.172060793002924,0.02898678586106705,13.257121517266674,73,-0.0585104179087625,25.27,0.0049263765058719594,0.008387517307630609,-0.030000000000000027,221.7036666
2022-01-30,0.04444085383671982,-0.172060793002924,13.255424659544232,55,0.007701231747472597,30.233999999999998,0.01689947429122498,-0.02543259588577113,0.030000000000000027,221.7036666
2022-02-06,0.11154636151177481,0.04444085383671982,12.883014221743185,54,0.01536011570146795,23.29,-0.018573815410719566,0.011690830697333105,0.1499999999999999,175.822588
2022-02-13,-0.007841060003463067,0.11154636151177481,13.003129289480631,43,-0.01835654528007893,23.106,0.006264376301098718,0.018805894282711903,-0.010000000000000009,175.822588
2022-02-20,-0.0922384256359055,-0.007841060003463067,12.801138309677492,58,-0.015915915195374414,26.836000000000002,-0.0004164064186755298,0.030858888614001916,0.0,175.822588
2022-02-27,-0.017513969430324558,-0.0922384256359055,13.323424905572336,53,0.008193763839142623,29.435,0.0059174841763657265,0.013911630666703282,0.050000000000000044,175.822588
2022-03-06,0.018767257520989004,-0.017513969430324558,22.616431062570516,45,-0.012803267099789142,31.333999999999996,0.020895976939206147,0.005438596266037487,-0.22999999999999998,298.188365
2022-03-13,-0.016030161292349923,0.018767257520989004,23.633440222138756,43,-0.02919634838689788,33.002,0.004753004852262654,0.03277482593484489,0.26,298.188365
2022-03-20,0.0881731930438937,-0.016030161292349923,23.34742995405734,39,0.05973788343732887,27.562,-0.00901956963410874,-0.029011061856785914,0.14000000000000012,298.188365
2022-03-27,0.126861875436292,0.0881731930438937,21.80455562027177,43,0.017752720792570106,22.504,0.005684717369604347,0.009730194041327777,0.33999999999999986,298.188365
2022-04-03,-0.009692782767122366,0.126861875436292,21.962963829112343,37,0.0006161348297878712,19.61,-0.0016209100904805492,-0.005672976653437443,-0.08999999999999986,269.5029595
2022-04-10,-0.0965003635176992,-0.009692782767122366,21.751605864629166,36,-0.012747373785583766,20.881999999999998,0.011792708351516154,-0.008441040391411544,0.33000000000000007,269.5029595
2022-04-17,-0.05952319481618708,-0.0965003635176992,21.587020397117737,32,-0.021550524526210618,23.169999999999998,0.005196893567192125,0.02410370484586061,0.10999999999999988,269.5029595
2022-04-24,-0.0060378876573142694,-0.05952319481618708,21.64909493363926,33,-0.027888428135418863,22.95,0.0089312889013214,-0.018588369094962115,0.06999999999999984,269.5029595
2022-05-01,-0.025744123068783056,-0.0060378876573142694,21.89059540357351,36,-0.03328599203927917,31.106,0.01704419750193923,-0.028203188140931364,-0.009999999999999787,275.8742105
2022-05-08,-0.12152106562811181,-0.025744123068783056,22.20310518446941,79,-0.0020810956153450634,29.68,0.006775749473689325,-0.008282500228113046,0.22999999999999998,275.8742105
2022-05-15,-0.084227661039279,-0.12152106562811181,14.14280509374829,54,-0.02441441811014675,32.188,0.008644756554406137,-0.027621138154921735,-0.18999999999999995,275.8742105
2022-05-22,-0.03319064372318022,-0.084227661039279,13.226615278776361,43,-0.030923886143361452,28.662,-0.01357682979870561,0.009056748031712508,-0.15000000000000036,275.8742105
2022-05-29,-0.027495464491005518,-0.03319064372318022,13.260785291908265,36,0.06376669753145632,27.904000000000003,-0.014451965230191224,0.0034699666133638945,-0.03999999999999959,275.8742105
2022-06-05,0.015083262533688135,-0.027495464491005518,13.250967651692296,34,-0.012024173572740582,25.586000000000002,0.004612146932428101,0.01119495007150283,0.21999999999999975,248.0193549
2022-06-12,-0.11714513866451277,0.015083262533688135,13.44619896395992,100,-0.051870692608326927,25.378,0.019487746487483117,-0.009842757962396243,0.18999999999999995,248.0193549
2022-06-19,-0.25696436312236026,-0.11714513866451277,14.302610951075069,73,-0.059687447344681885,32.082,0.005266950169510084,-0.0018935813270293382,0.10000000000000009,248.0193549
2022-06-26,0.022408057116907194,-0.25696436312236026,13.530438410027898,53,0.062472693494120636,29.29,-0.004882962452398907,-0.011054048140531455,-0.1200000000000001,248.0193549
2022-07-03,-0.0859738060816905,0.022408057116907194,13.413898019171599,49,-0.022337549729302363,27.776,0.009076639967209674,-0.010458043356403152,-0.25,292.8063295
2022-07-10,0.07661132246617185,-0.0859738060816905,14.055283078393906,44,0.019172828071991926,26.504,0.01762949264760785,-0.03812133429108829,0.20999999999999996,292.8063295
2022-07-17,-0.0029688009699497153,0.07661132246617185,14.012014402329589,44,-0.009332064725854666,26.182,0.00976434037700977,-0.019678475665495538,-0.1599999999999997,292.8063295
2022-07-24,0.08289711779492438,-0.0029688009699497153,14.252887684382916,38,0.025170055324303307,23.964,-0.01238434749004611,0.004445491644934572,-0.16000000000000014,292.8063295
2022-07-31,0.03144171561849191,0.08289711779492438,14.186177160529743,34,0.04169206568814191,22.99,-0.00780702831851276,0.02364721757373475,-0.10000000000000009,292.8063295
2022-08-07,-0.0055122163207956916,0.03144171561849191,13.909164822042063,32,0.0036010034707275366,22.262,0.006775858787254222,0.020758868180866606,0.16000000000000014,235.8315512
2022-08-14,0.04750451369395473,-0.0055122163207956916,14.179688285499113,34,0.03203942981237315,20.506,-0.00932868955954419,0.0005023302647977965,0.009999999999999787,235.8315512
2022-08-21,-0.12173895474172529,0.04750451369395473,14.288889733637415,29,-0.01214546528922597,19.94,0.023761641807127448,-0.02006492384346122,0.14000000000000012,235.8315512
2022-08-28,-0.09586709874610642,-0.12173895474172529,14.248675135647831,31,-0.04123613764169557,23.613999999999997,0.0058072707796441095,0.0007398344246631876,0.06000000000000005,235.8315512
2022-09-04,0.022741756983416073,-0.09586709874610642,14.368268599502358,31,-0.03342865435007206,25.863999999999997,0.006687149913813049,-0.0336700978898884,0.16000000000000014,248.8549051
2022-09-11,0.08778233358247747,0.022741756983416073,14.674290814031938,31,0.035816341914742665,24.788,-0.004850602106511498,0.0064512569060249025,0.1299999999999999,248.8549051
2022-09-18,-0.11726793813703631,0.08778233358247747,14.708827399398592,32,-0.048879538172216935,25.974,0.006948281748431538,-0.02593856559838293,0.1200000000000001,248.8549051
2022-09-25,-0.032214600869620524,-0.11726793813703631,14.763086755877504,29,-0.04761318824981041,27.636000000000003,0.030771658666753687,0.0027559780190373833,0.23999999999999977,248.8549051
2022-10-02,0.013155512351758183,-0.032214600869620524,14.944952685424823,26,-0.029570012004283937,31.7,-0.009498096347741148,-0.004677669698579323,0.14000000000000012,265.082456
2022-10-09,0.020201657569432756,0.013155512351758183,14.472558947098095,25,0.0149588687765822,29.919999999999998,0.006046612767370866,0.030720654429747883,0.06000000000000005,265.082456
2022-10-16,-0.009255186482198488,0.020201657569432756,14.45457635048693,23,-0.015670295859508774,32.722,0.004511086328516728,-0.025803693033448687,0.10999999999999988,265.082456
2022-10-23,0.015930046316192506,-0.009255186482198488,14.28205822223662,25,0.04626892972508202,30.46,-0.011539272368827028,-0.024217190270355914,0.20999999999999996,265.082456
2022-10-30,0.05250786266495218,0.015930046316192506,14.628673834599823,25,0.03875940651971226,27.746000000000002,-0.011312744098403117,0.017314608919040825,-0.1900000000000004,265.082456
2022-11-06,0.013961798772206336,0.05250786266495218,14.691245926435604,48,-0.03402743166448301,25.48,0.0011731265163479408,-0.017866299250868436,0.15000000000000036,311.3488667
2022-11-13,-0.24786171248756628,0.013961798772206336,15.134518626277373,43,0.0573044178353546,24.406,-0.0422773278961027,0.07259583201237489,-0.3500000000000001,311.3488667
2022-11-20,-0.0023182229987609116,-0.24786171248756628,14.437172477900024,33,-0.006933695523010699,23.886000000000003,0.0060032072230748286,0.005289061722623311,0.0,311.3488667
2022-11-27,0.008492269560518715,-0.0023182229987609116,14.38439185957511,30,0.015211531306994793,20.984,-0.009112750364696373,-0.00991856731906393,-0.13999999999999968,311.3488667
2022-12-04,0.04097394089516552,0.008492269560518715,14.383207887806803,27,0.011257469631118192,20.716,-0.013396238529226362,0.03523353922445967,-0.17000000000000037,239.8542887
2022-12-11,-0.0011284604146119222,0.04097394089516552,14.284113206294382,27,-0.034307293564186395,22.144,0.0024837613074433543,-0.00777263517808287,0.06000000000000005,239.8542887
2022-12-18,-0.020819800089773414,-0.0011284604146119222,14.376759297622302,24,-0.02106736158676545,22.828,-0.0010500693055948288,-0.007608853985612441,-0.08999999999999986,239.8542887
2022-12-25,0.005403180580801778,-0.020819800089773414,14.071895443058287,26,-0.0019591596953003466,21.362000000000002,-0.003731883188611462,0.004426893559501717,0.27,239.8542887
2023-01-01,-0.01275943911709077,0.005403180580801778,13.960484978696076,57,-0.0013846380291212801,21.554000000000002,-0.0076024039352893995,0.020750502455841386,0.1299999999999999,217.1991793
2023-01-08,0.029678442554303523,-0.01275943911709077,14.022443423230502,68,0.014372068476084757,22.125,0.0034715560419572153,0.00796382324984265,-0.33000000000000007,217.1991793
2023-01-15,0.19859322663186077,0.029678442554303523,14.712659244310062,76,0.026352616973294204,20.163999999999998,-0.016304709024943582,0.031130502272406574,-0.05999999999999961,217.1991793
2023-01-22,0.0839262933764581,0.19859322663186077,14.66950026364105,74,-0.006643525821174627,19.912,-0.0018608300751764507,0.013132268145764132,-0.010000000000000231,217.1991793
2023-01-29,0.045004570477660905,0.0839262933764581,14.58531780844713,69,0.02435727271050035,19.066,-0.0007845445141061326,0.003165627076004311,0.040000000000000036,217.1991793
2023-02-05,-0.035005319697552585,0.045004570477660905,14.548805906074064,60,0.016064602503806622,18.854,0.009665684233221922,-0.004049639509747266,0.009999999999999787,242.1408329
2023-02-12,-0.05140344676511744,-0.035005319697552585,14.537551270979195,64,-0.011187751462822216,19.792,0.006874875782582481,-0.027531932540551685,0.2100000000000004,242.1408329
2023-02-19,0.10929140297369976,-0.05140344676511744,14.785046278431203,63,-0.0027835088447110932,19.534,0.0022169752200468682,-0.014326738289068388,0.07999999999999963,242.1408329
2023-02-26,-0.031100505796892913,0.10929140297369976,14.670840361477287,57,-0.027097754108347697,21.84,0.012914514404023433,-0.013434749608708389,0.13000000000000034,242.1408329
2023-03-05,-0.04917162468382003,-0.031100505796892913,14.392073359192224,63,0.018863587804617388,20.062,-0.0065799121677847195,0.01186033086822045,0.020000000000000018,313.6530364
2023-03-12,-0.019517492525272573,-0.04917162468382003,14.869735475927744,84,-0.04656074225908149,20.944,0.0005738881075728592,-0.0032107997435206486,-0.27,313.6530364
2023-03-19,0.23992235950817156,-0.019517492525272573,15.207856570845932,88,0.014155127627614563,24.978,-0.008353786158341736,0.04705999251322465,-0.31000000000000005,313.6530364
2023-03-26,0.0005292121656367216,0.23992235950817156,14.282716527406771,78,0.0137812905003356,22.428,-0.005705183970710827,0.037208609827171876,-0.010000000000000231,313.6530364
2023-04-02,0.008004058981516446,0.0005292121656367216,13.329052290646578,70,0.03423969731392303,19.482,-0.005933003835621833,-0.0037144907682062256,0.10000000000000009,255.3793501
2023-04-09,0.004539600081856243,0.008004058981516446,12.860193094121271,80,-0.0010445162027913513,18.686,-0.004105577614386144,0.019077608954009322,-0.08999999999999986,255.3793501
2023-04-16,0.06768629622340691,0.004539600081856243,13.090335930565569,70,0.007914961989024472,18.406,-0.005303489154530464,0.009330716421152371,0.1299999999999999,255.3793501
2023-04-23,-0.09398345877960769,0.06768629622340691,13.199305899850469,66,-0.0009962327752700074,16.836000000000002,0.002655260447796132,-0.01775369640804871,0.04999999999999982,255.3793501
2023-04-30,0.05844723600788647,-0.09398345877960769,13.237850446011059,61,0.008661983581716604,17.46,-0.001572636455433479,-0.005388159114458194,-0.1299999999999999,255.3793501
2023-05-07,-0.028689362420491863,0.05844723600788647,13.02732716006886,62,-0.008001747541495659,17.896,-0.00443634581794663,0.027969367031227117,0.0,211.346131
2023-05-14,-0.054392498775513005,-0.028689362420491863,12.975161829665277,51,-0.0029466156450275427,17.118000000000002,0.014419789802129861,-0.017271417013098814,0.020000000000000018,211.346131
2023-05-21,-0.0063387697592560376,-0.054392498775513005,12.617851115694931,54,0.0163302114063361,16.968,0.005051497044522595,-0.03050257831681034,0.2400000000000002,211.346131
2023-05-28,0.04821340470994259,-0.0063387697592560376,12.703995383940642,54,0.003208127141960858,18.572,0.009739240956873617,-0.008249054077696844,0.09999999999999964,211.346131
2023-06-04,-0.034387871991449055,0.04821340470994259,12.639833622793185,61,0.018125291498019485,16.622,-0.0018249056594097262,0.02178092313063232,-0.10999999999999988,221.4584671
2023-06-11,-0.04501737467827687,-0.034387871991449055,13.024066742579219,58,0.0038432766159400243,14.022,-0.004432033461589455,-0.008391516232343733,0.06000000000000005,221.4584671
2023-06-18,0.0157384136711461,-0.04501737467827687,12.78996284015317,68,0.025431843344272283,14.307999999999998,-0.01282816425411234,-0.004120360892094651,0.020000000000000018,221.4584671
2023-06-25,0.14551102428916854,0.0157384136711461,13.20639197699978,64,-0.013989851272130333,13.524000000000001,0.006434652210779369,-0.02414479651546885,-0.029999999999999805,221.4584671
2023-07-02,0.004989942086138539,0.14551102428916854,12.861232352184619,61,0.023197622447723505,13.709999999999999,9.717700799635824e-05,0.0015132148260444118,0.06999999999999984,191.7312619
2023-07-09,-0.014832976289453681,0.004989942086138539,12.665173302804247,63,-0.011623609708387798,14.344,-0.006238445030078919,-0.0013043593532719154,0.24999999999999956,191.7312619
2023-07-16,0.0022714338997998807,-0.014832976289453681,12.817847067624381,59,0.02391524037701544,14.080000000000002,-0.02334659407299415,0.024954893647670808,-0.22999999999999954,191.7312619
2023-07-23,-0.0049601072492708315,0.0022714338997998807,12.408646075099673,60,0.006839403065279734,13.626,0.011543565341643938,0.0036089194632589767,0.009999999999999787,191.7312619
2023-07-30,-0.027093875948038634,-0.0049601072492708315,12.325764968448178,54,0.010065259667596053,13.74,0.005427020079014651,-0.012868481721118298,0.1200000000000001,191.7312619
2023-08-06,-0.006867391586765791,-0.027093875948038634,12.473615784141067,56,-0.02300256161877679,15.334,0.003928506329194598,-0.0029853841402700363,0.08999999999999986,175.5051547
2023-08-13,0.007495573056268825,-0.006867391586765791,12.378764653348286,65,-0.003126791840377456,15.681999999999999,0.00800550990290829,-0.010259157338189578,0.11000000000000032,175.5051547
2023-08-20,-0.11218272492345256,0.007495573056268825,12.898794735752022,60,-0.02135978038371894,16.65,0.005237137370204417,-0.017283018905405498,0.09999999999999964,175.5051547
2023-08-27,-0.0034499014928649025,-0.11218272492345256,12.457453738255623,58,0.008204781527287172,16.592,0.006748314436356503,0.016762077030736292,-0.009999999999999787,175.5051547
2023-09-03,-0.004977771668416747,-0.0034499014928649025,12.746913278139262,52,0.024674288087169333,14.014,0.0015360986123398375,0.014433400247998152,-0.07000000000000028,200.6384782
2023-09-10,-0.005049112079217924,-0.004977771668416747,12.260418775270287,50,-0.01298988762120686,14.104,0.008121193060915513,-0.011831400445229089,0.08000000000000007,200.6384782
2023-09-17,0.026310824891911305,-0.005049112079217924,12.621224023227759,51,-0.0016098236375586405,13.624,0.0021862087506034993,-0.00505406833280699,0.07000000000000028,200.6384782
2023-09-24,-0.010519113452254912,0.026310824891911305,12.523034355046935,48,-0.029706712656641997,15.597999999999999,0.002465624767361496,0.003545733196505817,0.11000000000000032,200.6384782
2023-10-01,0.06357025067509536,-0.010519113452254912,12.524053537605218,52,-0.007437206900178579,17.784,0.0060434555987828814,-0.02727897537350096,0.14999999999999947,190.4438086
2023-10-08,-0.0018534028476627773,0.06357025067509536,12.642584122043663,52,0.004757731549404774,18.381999999999998,-0.0016960335734282027,-0.02507781648569385,0.1900000000000004,190.4438086
2023-10-15,-0.027650493753642987,-0.0018534028476627773,12.37509786315678,56,0.004464892761540558,17.366,0.005736063496534845,0.02758870275824884,-0.15000000000000036,190.4438086
2023-10-22,0.09888109192191108,-0.027650493753642987,12.933959359894017,84,-0.024234283984769046,19.484,-0.004605054893407625,0.05046059264947738,0.2999999999999998,190.4438086
2023-10-29,0.14106236150662735,0.09888109192191108,13.165461180307052,67,-0.025605814459384018,20.296,0.003760816768126919,0.008436310801274969,-0.08999999999999986,190.4438086
2023-11-05,0.014169255879601425,0.14106236150662735,12.716738256494798,71,0.05687664090334639,17.066,-0.014557398582365861,0.0028130826809339257,-0.2699999999999996,207.9721039
2023-11-12,0.05675474655531794,0.014169255879601425,12.781927295116642,66,0.012970941795946735,14.722,0.00796665822012834,-0.011959873085807702,0.040000000000000036,207.9721039
2023-11-19,0.007788414856586055,0.05675474655531794,12.762626608001193,66,0.02212591633133202,14.244,-0.018496094067497405,0.008844918798636916,-0.16999999999999993,207.9721039
2023-11-26,0.0026094178376163068,0.007788414856586055,12.710326723913125,65,0.009989767163104797,12.974,-0.005016410288015253,0.0027637514137318214,0.02999999999999936,207.9721039
2023-12-03,0.06507940356989333,0.0026094178376163068,12.677543947217607,100,0.007710354049898102,12.782,-0.001258044391016185,0.027127690635457502,-0.25,223.0236998
2023-12-10,0.0912941403530228,0.06507940356989333,13.018290920731134,78,0.002117622271937392,12.862,0.007140130681729119,-0.005239331363333306,0.010000000000000675,223.0236998
2023-12-17,-0.056903760573974116,0.0912941403530228,12.88750143313592,77,0.024631322170624935,12.33,-0.01413656384665224,-0.000834950074291781,-0.3200000000000003,223.0236998
2023-12-24,0.03824523431626542,-0.056903760573974116,12.71490628661537,74,0.007481705439914485,13.088,-0.008323181463875267,0.0032376775891120326,-0.010000000000000231,223.0236998
2023-12-31,-0.016633034128394817,0.03824523431626542,12.677263070255474,91,0.003191784710975985,12.674,-0.003644785594288113,0.020217400127593103,-0.020000000000000018,223.0236998
2024-01-07,0.038399238252522075,-0.016633034128394817,12.998386197584617,68,-0.015335562668134734,13.68,0.010601846627120048,-0.01620937873005433,0.16999999999999993,239.6974681
2024-01-14,-0.050929960923039634,0.038399238252522075,13.441456903810202,40,0.018266378715868357,12.734,-9.765148193876182e-05,-0.015138399785559855,-0.08999999999999986,239.6974681
2024-01-21,-0.003909794214377494,-0.050929960923039634,12.759440383561834,36,0.011633982859762063,13.862,0.008653853413134762,0.0011878837270904153,0.1900000000000004,239.6974681
2024-01-28,0.010704064103186074,-0.003909794214377494,12.887071331043295,31,0.010515184063773563,13.118,0.001354489371170203,-0.0018814680997055087,0.0,239.6974681
2024-02-04,0.013017234562133233,0.010704064103186074,12.549945997631697,31,0.01373481170282096,13.797999999999998,0.004726316972631822,0.021280528479790266,-0.1200000000000001,167.97191
2024-02-11,0.1255439326767047,0.013017234562133233,12.775186045166672,48,0.013620341112364927,13.056000000000001,0.0018266601243173205,-0.01127033616173538,0.13999999999999968,167.97191
2024-02-18,0.07653931398687891,0.1255439326767047,12.966013614699126,36,-0.004194508242069255,14.482,0.0018233295200651106,-0.01622432580934592,0.1299999999999999,167.97191
2024-02-25,-0.007604028157054853,0.07653931398687891,12.618149183225992,68,0.016490753985918604,14.752,-0.0034575524264309496,0.0076997971132387495,-0.040000000000000036,167.97191
2024-03-03,0.19939120535296215,-0.007604028157054853,13.33461583548718,84,0.009442778273215388,13.504,-0.0007699711641229107,0.016636379275742578,-0.0699999999999994,179.4834398
2024-03-10,0.08830826743116559,0.19939120535296215,13.501771943192711,75,-0.002609942061040329,14.325999999999999,-0.01113435523845994,0.05238288405085356,-0.10000000000000053,179.4834398
2024-03-17,-0.00835206812054417,0.08830826743116559,13.45439720742661,62,-0.0012889644956313416,14.324000000000002,0.006985572211999326,0.0010616937318740768,0.21999999999999975,179.4834398
2024-03-24,-0.017393846195949414,-0.00835206812054417,13.31804528590012,54,0.02262427594111255,13.434000000000001,0.010004893459704251,0.007904089677350049,-0.08999999999999986,179.4834398
2024-03-31,0.059494719405232425,-0.017393846195949414,13.185112799057439,47,0.003846110916179418,13.046000000000001,0.0007654770252260706,0.007615002257244376,-0.019999999999999574,179.4834398
2024-04-07,-0.02802893512192219,0.059494719405232425,13.326315954324578,51,-0.00956341208204454,14.994,-0.0023940638679158656,0.042466866106417575,0.1899999999999995,171.2627344
2024-04-14,-0.05425674858123993,-0.02802893512192219,13.573961153410664,66,-0.01567265988781149,15.638,0.016545019414098014,0.027440156933020748,0.11000000000000032,171.2627344
2024-04-21,-0.01159250445120957,-0.05425674858123993,13.446965441455054,40,-0.030957892316223156,18.509999999999998,0.0010368067284403084,0.010533953219115752,0.1200000000000001,171.2627344
2024-04-28,-0.028592364455862433,-0.01159250445120957,12.964328497161322,41,0.026370355892053658,15.8,-0.001980292032884584,-0.02353748321155291,0.04999999999999982,171.2627344
2024-05-05,0.014108596379972442,-0.028592364455862433,13.387661794571017,34,0.005442070579494518,14.776,-0.00862687248169659,-0.008922665287567329,-0.16999999999999993,184.1644205
2024-05-12,-0.04027115968961006,0.014108596379972442,12.879884089783376,33,0.018335912964669254,12.992,0.0025673955052457334,0.013204776913651867,0.0,184.1644205
2024-05-19,0.07516269503898554,-0.04027115968961006,13.010202010515998,36,0.015312931329113242,12.776,-0.008200675309001704,0.019129619693784402,-0.08000000000000007,184.1644205
2024-05-26,0.03317516661570618,0.07516269503898554,13.09966776947214,31,0.00027337884161483746,12.2,0.0026773777707163942,-0.020455114275879847,0.040000000000000036,184.1644205
2024-06-02,-0.010878517239867545,0.03317516661570618,12.767344204776538,32,-0.005142594702045587,13.39,-0.0004775777348520282,0.007459699120595674,0.04999999999999982,173.4343794
2024-06-09,0.027320051604567793,-0.010878517239867545,12.870305815925477,31,0.013079390182138832,12.74,0.002099638106720097,0.010224865150343198,-0.08000000000000007,173.4343794
2024-06-16,-0.043665744069401845,0.027320051604567793,12.893453231195782,29,0.01569996408525012,12.446,0.006272592320816979,-0.031167140196942902,-0.22999999999999954,173.4343794
2024-06-23,-0.0535813978575273,-0.043665744069401845,12.786498956026,30,0.006060835974113174,12.802000000000001,0.002365745129869455,0.021918568181853386,0.04999999999999982,173.4343794
2024-06-30,-0.007017071202342168,-0.0535813978575273,12.958290299667107,34,-0.0007578878359311989,12.68,0.000661406931089423,-0.00869274265308313,0.11000000000000032,173.4343794
2024-07-07,-0.11635884915001031,-0.007017071202342168,13.235191937669649,34,0.019353740331114096,12.216,-0.00939508689984407,0.013939877237610705,-0.08000000000000007,229.0116409
2024-07-14,0.08463765146441218,-0.11635884915001031,12.975625157292525,37,0.008613480972494184,12.622,-0.007560929928067325,0.02191559754842082,-0.10000000000000053,229.0116409
2024-07-21,0.11433290569430203,0.08463765146441218,13.060551801436441,37,-0.01984714910964965,14.648,0.0029737659211612907,0.014144507386164743,0.07000000000000028,229.0116409
2024-07-28,0.001430927928064288,0.11433290569430203,12.91823783192588,35,-0.008372829169473591,16.504,-0.0007665772701956842,-0.042793281614047246,-0.04999999999999982,229.0116409
2024-08-04,-0.16038488309347537,0.001430927928064288,13.138551637600854,51,-0.020830577558605547,18.526,-0.010697350600500836,0.038509571495777835,-0.40000000000000036,191.1185203
2024-08-11,0.009781422575019374,-0.16038488309347537,13.573642797651784,34,-0.00044898754065551756,27.657999999999998,-0.000678458955029012,-0.006398446832419514,0.14000000000000012,191.1185203
2024-08-18,-0.004557893031898218,0.009781422575019374,12.9037843925877,32,0.03855902456919127,17.01,-0.006614810111756746,0.011577375728685262,-0.04999999999999982,191.1185203
2024-08-25,0.09503436414544067,-0.004557893031898218,13.13411406683699,29,0.014364534328683936,16.042,-0.01712808877496445,0.009512893808326189,-0.08000000000000007,191.1185203
2024-09-01,-0.11456816539226643,0.09503436414544067,13.228883220782002,31,0.0024443844091757657,15.868,0.009682913318422652,0.021759047664185717,0.10000000000000009,202.1776237
2024-09-08,-0.04376640078894438,-0.11456816539226643,13.325614377379313,29,-0.04341532076599641,19.974,-0.005126194190724223,-0.006724176906061482,-0.18999999999999995,202.1776237
2024-09-15,0.07507396864737874,-0.04376640078894438,13.265857477043058,30,0.03944526653795214,17.97,-0.0006920757604824432,0.014733957056858938,-0.06000000000000005,202.1776237
2024-09-22,0.07230198235239105,0.07507396864737874,13.291852955382906,30,0.013511178237224671,17.092,-0.003864643367215952,0.0131315018237357,0.06999999999999984,202.1776237
2024-09-29,0.03149978888980241,0.07230198235239105,13.037458870313884,28,0.0062269009459122796,15.804000000000002,-0.003381405509304161,0.030222968227284753,0.020000000000000018,202.1776237
2024-10-06,-0.04341997883421972,0.03149978888980241,13.22235349827215,28,0.0022455802856981358,18.918,0.021094917269082834,-0.0011240587192764338,0.22999999999999998,204.9284191
2024-10-13,0.0008194745796934585,-0.04341997883421972,13.065200257670954,28,0.011060020574936144,21.262,0.0036025548918485624,-0.015109451152886515,0.10000000000000009,204.9284191
2024-10-20,0.09346501837052869,0.0008194745796934585,13.336183601257654,27,0.008500269509107226,19.412,0.005814533292362662,0.025588951856315777,0.0,204.9284191
2024-10-27,-0.014973085969763125,0.09346501837052869,13.217582643985264,36,-0.00968927607171322,19.044,0.007412789659878343,0.01509601569224946,0.16999999999999993,204.9284191
2024-11-03,0.011186436878109393,-0.014973085969763125,13.507965856416241,55,-0.01375085375548801,20.906,0.00019180972534101127,0.0046666022199058155,0.1200000000000001,282.5926597
2024-11-10,0.1561093443035132,0.011186436878109393,13.975646149567291,100,0.04550977477492174,17.776,0.006880761092222287,-0.015948716634618793,-0.07000000000000028,282.5926597
2024-11-17,0.11108905217667166,0.1561093443035132,14.056792607581738,87,-0.021055609417307764,14.830000000000002,0.01596708304584659,-0.05036394978075597,0.1299999999999999,282.5926597
2024-11-24,0.08634585217018348,0.11108905217667166,13.685948420271595,66,0.016676118461077447,16.240000000000002,0.008028422510369202,0.03887832906526459,-0.019999999999999574,282.5926597
2024-12-01,-0.007520920820600786,0.08634585217018348,13.284108007209452,78,0.010505257539601007,14.041999999999998,-0.01697260490643497,-0.008484808373899925,-0.23000000000000043,327.5750371
2024-12-08,0.03948128007097871,-0.007520920820600786,13.826747189890261,63,0.009550789645523784,13.280000000000001,0.0030217209016797607,-0.006126635909961329,-0.02999999999999936,327.5750371
2024-12-15,0.03237507331913704,0.03948128007097871,14.175378399177124,67,-0.006453994610219541,13.936000000000002,0.008823862752922176,0.02213475723618056,0.25,327.5750371
2024-12-22,-0.0928317087950993,0.03237507331913704,14.010476832291307,57,-0.020070879412133123,20.125999999999998,0.005777669599367482,-0.03746351058210701,0.11999999999999922,327.5750371
2024-12-29,-0.015537625689640318,-0.0928317087950993,13.088392857833176,52,0.00672007933223057,15.432500000000001,0.0035247230629460724,0.016920748223895225,0.10000000000000053,327.5750371
2025-01-05,0.04823702513458803,-0.015537625689640318,12.986016596720118,59,-0.004762749165129663,17.2025,0.008757834266409305,0.010811323356648387,-0.020000000000000462,309.1073682
2025-01-12,-0.03946709395099735,0.04823702513458803,13.361884087949091,59,-0.019615719125934725,17.834,0.0064044134732682955,0.00813467674692658,0.16999999999999993,309.1073682
2025-01-19,0.06923682551763324,-0.03946709395099735,13.366469667139233,73,0.028693494831753125,17.318,-0.002739727741120439,0.022089583694401498,-0.15999999999999925,309.1073682
2025-01-26,0.012927395677481175,0.06923682551763324,13.466236729505852,56,0.017289381644501164,15.168000000000001,-0.017621194907794662,0.00991109899848082,0.019999999999999574,309.1073682
2025-02-02,-0.04945929359447756,0.012927395677481175,13.30455159197527,59,-0.010000272768043385,16.628,0.008618745719921758,0.023794134015026988,-0.04999999999999982,327.7075662
2025-02-09,-0.012523205929866665,-0.04945929359447756,13.389286465396166,42,-0.0024099752103067633,16.728,-0.003049769010489004,0.011010439968385115,-0.08999999999999986,327.7075662
2025-02-16,-0.00350049915780428,-0.012523205929866665,12.956686525738448,40,0.014602479127266981,15.518,-0.012386654295941468,0.023600827464316698,-0.020000000000000462,327.7075662
2025-02-23,0.0013171103032043657,-0.00350049915780428,12.997525514874242,65,-0.016738848710951805,15.972,-0.000937558666089766,0.0036262007031494085,-0.04999999999999982,327.7075662
